1,1,1,1,0,0,0,0,0,0,0,0,0,0,0,0,0,0,0,0,0,0,0,0,1,1,1,1,1,1,1,1,1,1,1,1,1,1,,,,,,,,,,,,,,,,,,,,,,,,,,,,,,,,,,,,,,,,,,,,,,,,,,,,,,,,,,,,,,,,,,,,,,,,,,,,,,,,,,,,,,,,,,,,,,,,,,,
0.002739726,0.084931507,0.167123288,0.252054795,0.334246575,0.419178082,0.504109589,0.580821918,0.665753425,0.747945205,0.832876712,0.915068493,1,1.084931507,1.167123288,1.252054795,1.334246575,1.419178082,1.504109589,1.580821918,1.665753425,1.747945205,1.832876712,1.915068493,2,2.252054795,2.504109589,2.750684932,3.002739726,3.254794521,3.506849315,3.750684932,4.002739726,4.254794521,4.506849315,4.750684932,5.002739726,5.254794521,5.506849315,5.750684932,6.002739726,6.254794521,6.506849315,6.753424658,7.005479452,7.257534247,7.509589041,7.753424658,8.005479452,8.257534247,8.509589041,8.753424658,9.005479452,9.257534247,9.509589041,9.753424658,10.00547945,10.25753425,10.50958904,10.75616438,11.00821918,11.26027397,11.51232877,11.75616438,12.00821918,12.26027397,12.51232877,12.75616438,13.00821918,13.26027397,13.51232877,13.75616438,14.00821918,14.26027397,14.51232877,14.75890411,15.0109589,15.2630137,15.51506849,15.75890411,16.0109589,16.2630137,16.51506849,16.75890411,17.0109589,17.2630137,17.51506849,17.75890411,18.0109589,18.2630137,18.51506849,18.76164384,19.01369863,19.26575342,19.51780822,19.76164384,20.01369863,20.26575342,20.51780822,20.76164384,21.01369863,21.26575342,21.51780822,21.76164384,22.01369863,22.26575342,22.51780822,22.76438356,23.01643836,23.26849315,23.52054795,23.76438356,24.01643836,24.26849315,24.52054795,24.76438356,25.01643836,25.26849315,25.52054795,25.76438356,26.01643836,26.26849315,26.52054795,26.76712329,27.01917808,27.27123288,27.52328767,27.76712329,28.01917808,28.27123288,28.52328767,28.76712329,29.01917808,29.27123288,29.52328767,29.76712329,30.01917808
1.000136986,0,0,0,0,0,0,0,0,0,0,0,0,0,0,0,0,0,0,0,0,0,0,0,0,0,0,0,0,0,0,0,0,0,0,0,0,0,0,0,0,0,0,0,0,0,0,0,0,0,0,0,0,0,0,0,0,0,0,0,0,0,0,0,0,0,0,0,0,0,0,0,0,0,0,0,0,0,0,0,0,0,0,0,0,0,0,0,0,0,0,0,0,0,0,0,0,0,0,0,0,0,0,0,0,0,0,0,0,0,0,0,0,0,0,0,0,0,0,0,0,0,0,0,0,0,0,0,0,0,0,0,0,0,0,0,0
0,1.004289041,0,0,0,0,0,0,0,0,0,0,0,0,0,0,0,0,0,0,0,0,0,0,0,0,0,0,0,0,0,0,0,0,0,0,0,0,0,0,0,0,0,0,0,0,0,0,0,0,0,0,0,0,0,0,0,0,0,0,0,0,0,0,0,0,0,0,0,0,0,0,0,0,0,0,0,0,0,0,0,0,0,0,0,0,0,0,0,0,0,0,0,0,0,0,0,0,0,0,0,0,0,0,0,0,0,0,0,0,0,0,0,0,0,0,0,0,0,0,0,0,0,0,0,0,0,0,0,0,0,0,0,0,0,0,0
0,0,1.008512694,0,0,0,0,0,0,0,0,0,0,0,0,0,0,0,0,0,0,0,0,0,0,0,0,0,0,0,0,0,0,0,0,0,0,0,0,0,0,0,0,0,0,0,0,0,0,0,0,0,0,0,0,0,0,0,0,0,0,0,0,0,0,0,0,0,0,0,0,0,0,0,0,0,0,0,0,0,0,0,0,0,0,0,0,0,0,0,0,0,0,0,0,0,0,0,0,0,0,0,0,0,0,0,0,0,0,0,0,0,0,0,0,0,0,0,0,0,0,0,0,0,0,0,0,0,0,0,0,0,0,0,0,0,0
0,0,0,1.012960658,0,0,0,0,0,0,0,0,0,0,0,0,0,0,0,0,0,0,0,0,0,0,0,0,0,0,0,0,0,0,0,0,0,0,0,0,0,0,0,0,0,0,0,0,0,0,0,0,0,0,0,0,0,0,0,0,0,0,0,0,0,0,0,0,0,0,0,0,0,0,0,0,0,0,0,0,0,0,0,0,0,0,0,0,0,0,0,0,0,0,0,0,0,0,0,0,0,0,0,0,0,0,0,0,0,0,0,0,0,0,0,0,0,0,0,0,0,0,0,0,0,0,0,0,0,0,0,0,0,0,0,0,0
0,-1,0,0,1.012839726,0,0,0,0,0,0,0,0,0,0,0,0,0,0,0,0,0,0,0,0,0,0,0,0,0,0,0,0,0,0,0,0,0,0,0,0,0,0,0,0,0,0,0,0,0,0,0,0,0,0,0,0,0,0,0,0,0,0,0,0,0,0,0,0,0,0,0,0,0,0,0,0,0,0,0,0,0,0,0,0,0,0,0,0,0,0,0,0,0,0,0,0,0,0,0,0,0,0,0,0,0,0,0,0,0,0,0,0,0,0,0,0,0,0,0,0,0,0,0,0,0,0,0,0,0,0,0,0,0,0,0,0
0,0,-1,0,0,1.013132055,0,0,0,0,0,0,0,0,0,0,0,0,0,0,0,0,0,0,0,0,0,0,0,0,0,0,0,0,0,0,0,0,0,0,0,0,0,0,0,0,0,0,0,0,0,0,0,0,0,0,0,0,0,0,0,0,0,0,0,0,0,0,0,0,0,0,0,0,0,0,0,0,0,0,0,0,0,0,0,0,0,0,0,0,0,0,0,0,0,0,0,0,0,0,0,0,0,0,0,0,0,0,0,0,0,0,0,0,0,0,0,0,0,0,0,0,0,0,0,0,0,0,0,0,0,0,0,0,0,0,0
0,0,0,-1,0,0,1.013258082,0,0,0,0,0,0,0,0,0,0,0,0,0,0,0,0,0,0,0,0,0,0,0,0,0,0,0,0,0,0,0,0,0,0,0,0,0,0,0,0,0,0,0,0,0,0,0,0,0,0,0,0,0,0,0,0,0,0,0,0,0,0,0,0,0,0,0,0,0,0,0,0,0,0,0,0,0,0,0,0,0,0,0,0,0,0,0,0,0,0,0,0,0,0,0,0,0,0,0,0,0,0,0,0,0,0,0,0,0,0,0,0,0,0,0,0,0,0,0,0,0,0,0,0,0,0,0,0,0,0
0,0,0,0,-1,0,0,1.013216438,0,0,0,0,0,0,0,0,0,0,0,0,0,0,0,0,0,0,0,0,0,0,0,0,0,0,0,0,0,0,0,0,0,0,0,0,0,0,0,0,0,0,0,0,0,0,0,0,0,0,0,0,0,0,0,0,0,0,0,0,0,0,0,0,0,0,0,0,0,0,0,0,0,0,0,0,0,0,0,0,0,0,0,0,0,0,0,0,0,0,0,0,0,0,0,0,0,0,0,0,0,0,0,0,0,0,0,0,0,0,0,0,0,0,0,0,0,0,0,0,0,0,0,0,0,0,0,0,0
0,0,0,0,0,-1,0,0,1.013389041,0,0,0,0,0,0,0,0,0,0,0,0,0,0,0,0,0,0,0,0,0,0,0,0,0,0,0,0,0,0,0,0,0,0,0,0,0,0,0,0,0,0,0,0,0,0,0,0,0,0,0,0,0,0,0,0,0,0,0,0,0,0,0,0,0,0,0,0,0,0,0,0,0,0,0,0,0,0,0,0,0,0,0,0,0,0,0,0,0,0,0,0,0,0,0,0,0,0,0,0,0,0,0,0,0,0,0,0,0,0,0,0,0,0,0,0,0,0,0,0,0,0,0,0,0,0,0,0
0,0,0,0,0,0,-1,0,0,1.013630411,0,0,0,0,0,0,0,0,0,0,0,0,0,0,0,0,0,0,0,0,0,0,0,0,0,0,0,0,0,0,0,0,0,0,0,0,0,0,0,0,0,0,0,0,0,0,0,0,0,0,0,0,0,0,0,0,0,0,0,0,0,0,0,0,0,0,0,0,0,0,0,0,0,0,0,0,0,0,0,0,0,0,0,0,0,0,0,0,0,0,0,0,0,0,0,0,0,0,0,0,0,0,0,0,0,0,0,0,0,0,0,0,0,0,0,0,0,0,0,0,0,0,0,0,0,0,0
0,0,0,0,0,0,0,-1,0,0,1.014241096,0,0,0,0,0,0,0,0,0,0,0,0,0,0,0,0,0,0,0,0,0,0,0,0,0,0,0,0,0,0,0,0,0,0,0,0,0,0,0,0,0,0,0,0,0,0,0,0,0,0,0,0,0,0,0,0,0,0,0,0,0,0,0,0,0,0,0,0,0,0,0,0,0,0,0,0,0,0,0,0,0,0,0,0,0,0,0,0,0,0,0,0,0,0,0,0,0,0,0,0,0,0,0,0,0,0,0,0,0,0,0,0,0,0,0,0,0,0,0,0,0,0,0,0,0,0
0,0,0,0,0,0,0,0,-1,0,0,1.014410411,0,0,0,0,0,0,0,0,0,0,0,0,0,0,0,0,0,0,0,0,0,0,0,0,0,0,0,0,0,0,0,0,0,0,0,0,0,0,0,0,0,0,0,0,0,0,0,0,0,0,0,0,0,0,0,0,0,0,0,0,0,0,0,0,0,0,0,0,0,0,0,0,0,0,0,0,0,0,0,0,0,0,0,0,0,0,0,0,0,0,0,0,0,0,0,0,0,0,0,0,0,0,0,0,0,0,0,0,0,0,0,0,0,0,0,0,0,0,0,0,0,0,0,0,0
0,0,0,0,0,0,0,0,0,-1,0,0,1.014820822,0,0,0,0,0,0,0,0,0,0,0,0,0,0,0,0,0,0,0,0,0,0,0,0,0,0,0,0,0,0,0,0,0,0,0,0,0,0,0,0,0,0,0,0,0,0,0,0,0,0,0,0,0,0,0,0,0,0,0,0,0,0,0,0,0,0,0,0,0,0,0,0,0,0,0,0,0,0,0,0,0,0,0,0,0,0,0,0,0,0,0,0,0,0,0,0,0,0,0,0,0,0,0,0,0,0,0,0,0,0,0,0,0,0,0,0,0,0,0,0,0,0,0,0
0,0,0,0,0,0,0,0,0,0,-1,0,0,1.015108493,0,0,0,0,0,0,0,0,0,0,0,0,0,0,0,0,0,0,0,0,0,0,0,0,0,0,0,0,0,0,0,0,0,0,0,0,0,0,0,0,0,0,0,0,0,0,0,0,0,0,0,0,0,0,0,0,0,0,0,0,0,0,0,0,0,0,0,0,0,0,0,0,0,0,0,0,0,0,0,0,0,0,0,0,0,0,0,0,0,0,0,0,0,0,0,0,0,0,0,0,0,0,0,0,0,0,0,0,0,0,0,0,0,0,0,0,0,0,0,0,0,0,0
0,0,0,0,0,0,0,0,0,0,0,-1,0,0,1.015405753,0,0,0,0,0,0,0,0,0,0,0,0,0,0,0,0,0,0,0,0,0,0,0,0,0,0,0,0,0,0,0,0,0,0,0,0,0,0,0,0,0,0,0,0,0,0,0,0,0,0,0,0,0,0,0,0,0,0,0,0,0,0,0,0,0,0,0,0,0,0,0,0,0,0,0,0,0,0,0,0,0,0,0,0,0,0,0,0,0,0,0,0,0,0,0,0,0,0,0,0,0,0,0,0,0,0,0,0,0,0,0,0,0,0,0,0,0,0,0,0,0,0
0,0,0,0,0,0,0,0,0,0,0,0,-1,0,0,1.015703014,0,0,0,0,0,0,0,0,0,0,0,0,0,0,0,0,0,0,0,0,0,0,0,0,0,0,0,0,0,0,0,0,0,0,0,0,0,0,0,0,0,0,0,0,0,0,0,0,0,0,0,0,0,0,0,0,0,0,0,0,0,0,0,0,0,0,0,0,0,0,0,0,0,0,0,0,0,0,0,0,0,0,0,0,0,0,0,0,0,0,0,0,0,0,0,0,0,0,0,0,0,0,0,0,0,0,0,0,0,0,0,0,0,0,0,0,0,0,0,0,0
0,0,0,0,0,0,0,0,0,0,0,0,0,-1,0,0,1.015807388,0,0,0,0,0,0,0,0,0,0,0,0,0,0,0,0,0,0,0,0,0,0,0,0,0,0,0,0,0,0,0,0,0,0,0,0,0,0,0,0,0,0,0,0,0,0,0,0,0,0,0,0,0,0,0,0,0,0,0,0,0,0,0,0,0,0,0,0,0,0,0,0,0,0,0,0,0,0,0,0,0,0,0,0,0,0,0,0,0,0,0,0,0,0,0,0,0,0,0,0,0,0,0,0,0,0,0,0,0,0,0,0,0,0,0,0,0,0,0,0
0,0,0,0,0,0,0,0,0,0,0,0,0,0,-1,0,0,1.016287945,0,0,0,0,0,0,0,0,0,0,0,0,0,0,0,0,0,0,0,0,0,0,0,0,0,0,0,0,0,0,0,0,0,0,0,0,0,0,0,0,0,0,0,0,0,0,0,0,0,0,0,0,0,0,0,0,0,0,0,0,0,0,0,0,0,0,0,0,0,0,0,0,0,0,0,0,0,0,0,0,0,0,0,0,0,0,0,0,0,0,0,0,0,0,0,0,0,0,0,0,0,0,0,0,0,0,0,0,0,0,0,0,0,0,0,0,0,0,0
0,0,0,0,0,0,0,0,0,0,0,0,0,0,0,-1,0,0,1.016585205,0,0,0,0,0,0,0,0,0,0,0,0,0,0,0,0,0,0,0,0,0,0,0,0,0,0,0,0,0,0,0,0,0,0,0,0,0,0,0,0,0,0,0,0,0,0,0,0,0,0,0,0,0,0,0,0,0,0,0,0,0,0,0,0,0,0,0,0,0,0,0,0,0,0,0,0,0,0,0,0,0,0,0,0,0,0,0,0,0,0,0,0,0,0,0,0,0,0,0,0,0,0,0,0,0,0,0,0,0,0,0,0,0,0,0,0,0,0
0,0,0,0,0,0,0,0,0,0,0,0,0,0,0,0,-1,0,0,1.016459852,0,0,0,0,0,0,0,0,0,0,0,0,0,0,0,0,0,0,0,0,0,0,0,0,0,0,0,0,0,0,0,0,0,0,0,0,0,0,0,0,0,0,0,0,0,0,0,0,0,0,0,0,0,0,0,0,0,0,0,0,0,0,0,0,0,0,0,0,0,0,0,0,0,0,0,0,0,0,0,0,0,0,0,0,0,0,0,0,0,0,0,0,0,0,0,0,0,0,0,0,0,0,0,0,0,0,0,0,0,0,0,0,0,0,0,0,0
0,0,0,0,0,0,0,0,0,0,0,0,0,0,0,0,0,-1,0,0,1.016737047,0,0,0,0,0,0,0,0,0,0,0,0,0,0,0,0,0,0,0,0,0,0,0,0,0,0,0,0,0,0,0,0,0,0,0,0,0,0,0,0,0,0,0,0,0,0,0,0,0,0,0,0,0,0,0,0,0,0,0,0,0,0,0,0,0,0,0,0,0,0,0,0,0,0,0,0,0,0,0,0,0,0,0,0,0,0,0,0,0,0,0,0,0,0,0,0,0,0,0,0,0,0,0,0,0,0,0,0,0,0,0,0,0,0,0,0
0,0,0,0,0,0,0,0,0,0,0,0,0,0,0,0,0,0,-1,0,0,1.016800274,0,0,0,0,0,0,0,0,0,0,0,0,0,0,0,0,0,0,0,0,0,0,0,0,0,0,0,0,0,0,0,0,0,0,0,0,0,0,0,0,0,0,0,0,0,0,0,0,0,0,0,0,0,0,0,0,0,0,0,0,0,0,0,0,0,0,0,0,0,0,0,0,0,0,0,0,0,0,0,0,0,0,0,0,0,0,0,0,0,0,0,0,0,0,0,0,0,0,0,0,0,0,0,0,0,0,0,0,0,0,0,0,0,0,0
0,0,0,0,0,0,0,0,0,0,0,0,0,0,0,0,0,0,0,-1,0,0,1.017554776,0,0,0,0,0,0,0,0,0,0,0,0,0,0,0,0,0,0,0,0,0,0,0,0,0,0,0,0,0,0,0,0,0,0,0,0,0,0,0,0,0,0,0,0,0,0,0,0,0,0,0,0,0,0,0,0,0,0,0,0,0,0,0,0,0,0,0,0,0,0,0,0,0,0,0,0,0,0,0,0,0,0,0,0,0,0,0,0,0,0,0,0,0,0,0,0,0,0,0,0,0,0,0,0,0,0,0,0,0,0,0,0,0,0
0,0,0,0,0,0,0,0,0,0,0,0,0,0,0,0,0,0,0,0,-1,0,0,1.017576712,0,0,0,0,0,0,0,0,0,0,0,0,0,0,0,0,0,0,0,0,0,0,0,0,0,0,0,0,0,0,0,0,0,0,0,0,0,0,0,0,0,0,0,0,0,0,0,0,0,0,0,0,0,0,0,0,0,0,0,0,0,0,0,0,0,0,0,0,0,0,0,0,0,0,0,0,0,0,0,0,0,0,0,0,0,0,0,0,0,0,0,0,0,0,0,0,0,0,0,0,0,0,0,0,0,0,0,0,0,0,0,0,0
0,0,0,0.015274521,0,0,0.015274521,0,0,0.014776438,0,0,0.015274521,0,0,0.015274521,0,0,0.015274521,0,0,0.014776438,0,0,1.015274521,0,0,0,0,0,0,0,0,0,0,0,0,0,0,0,0,0,0,0,0,0,0,0,0,0,0,0,0,0,0,0,0,0,0,0,0,0,0,0,0,0,0,0,0,0,0,0,0,0,0,0,0,0,0,0,0,0,0,0,0,0,0,0,0,0,0,0,0,0,0,0,0,0,0,0,0,0,0,0,0,0,0,0,0,0,0,0,0,0,0,0,0,0,0,0,0,0,0,0,0,0,0,0,0,0,0,0,0,0,0,0,0
0,0,0,0.016572603,0,0,0.016572603,0,0,0.016032192,0,0,0.016572603,0,0,0.016572603,0,0,0.016572603,0,0,0.016032192,0,0,0.016572603,0.016572603,0.016572603,0.016212329,1.016572603,0,0,0,0,0,0,0,0,0,0,0,0,0,0,0,0,0,0,0,0,0,0,0,0,0,0,0,0,0,0,0,0,0,0,0,0,0,0,0,0,0,0,0,0,0,0,0,0,0,0,0,0,0,0,0,0,0,0,0,0,0,0,0,0,0,0,0,0,0,0,0,0,0,0,0,0,0,0,0,0,0,0,0,0,0,0,0,0,0,0,0,0,0,0,0,0,0,0,0,0,0,0,0,0,0,0,0,0
0,0,0,0.017568219,0,0,0.017568219,0,0,0.016995342,0,0,0.017568219,0,0,0.017568219,0,0,0.017568219,0,0,0.016995342,0,0,0.017568219,0.017568219,0.017568219,0.017186301,0.017568219,0.017568219,0.017568219,0.016995342,1.017568219,0,0,0,0,0,0,0,0,0,0,0,0,0,0,0,0,0,0,0,0,0,0,0,0,0,0,0,0,0,0,0,0,0,0,0,0,0,0,0,0,0,0,0,0,0,0,0,0,0,0,0,0,0,0,0,0,0,0,0,0,0,0,0,0,0,0,0,0,0,0,0,0,0,0,0,0,0,0,0,0,0,0,0,0,0,0,0,0,0,0,0,0,0,0,0,0,0,0,0,0,0,0,0,0
0,0,0,0.018374795,0,0,0.018374795,0,0,0.017775616,0,0,0.018374795,0,0,0.018374795,0,0,0.018374795,0,0,0.017775616,0,0,0.018374795,0.018374795,0.018374795,0.017975342,0.018374795,0.018374795,0.018374795,0.017775616,0.018374795,0.018374795,0.018374795,0.017775616,1.018374795,0,0,0,0,0,0,0,0,0,0,0,0,0,0,0,0,0,0,0,0,0,0,0,0,0,0,0,0,0,0,0,0,0,0,0,0,0,0,0,0,0,0,0,0,0,0,0,0,0,0,0,0,0,0,0,0,0,0,0,0,0,0,0,0,0,0,0,0,0,0,0,0,0,0,0,0,0,0,0,0,0,0,0,0,0,0,0,0,0,0,0,0,0,0,0,0,0,0,0,0
0,0,0,0.019030137,0,0,0.019030137,0,0,0.018409589,0,0,0.019030137,0,0,0.019030137,0,0,0.019030137,0,0,0.018409589,0,0,0.019030137,0.019030137,0.019030137,0.018616438,0.019030137,0.019030137,0.019030137,0.018409589,0.019030137,0.019030137,0.019030137,0.018409589,0.019030137,0.019030137,0.019030137,0.018409589,1.019030137,0,0,0,0,0,0,0,0,0,0,0,0,0,0,0,0,0,0,0,0,0,0,0,0,0,0,0,0,0,0,0,0,0,0,0,0,0,0,0,0,0,0,0,0,0,0,0,0,0,0,0,0,0,0,0,0,0,0,0,0,0,0,0,0,0,0,0,0,0,0,0,0,0,0,0,0,0,0,0,0,0,0,0,0,0,0,0,0,0,0,0,0,0,0,0,0
0,0,0,0.019559452,0,0,0.019559452,0,0,0.018921644,0,0,0.019559452,0,0,0.019559452,0,0,0.019559452,0,0,0.018921644,0,0,0.019559452,0.019559452,0.019559452,0.019134247,0.019559452,0.019559452,0.019559452,0.018921644,0.019559452,0.019559452,0.019559452,0.018921644,0.019559452,0.019559452,0.019559452,0.018921644,0.019559452,0.019559452,0.019559452,0.019134247,1.019559452,0,0,0,0,0,0,0,0,0,0,0,0,0,0,0,0,0,0,0,0,0,0,0,0,0,0,0,0,0,0,0,0,0,0,0,0,0,0,0,0,0,0,0,0,0,0,0,0,0,0,0,0,0,0,0,0,0,0,0,0,0,0,0,0,0,0,0,0,0,0,0,0,0,0,0,0,0,0,0,0,0,0,0,0,0,0,0,0,0,0,0,0
0,0,0,0.020000548,0,0,0.020000548,0,0,0.019348356,0,0,0.020000548,0,0,0.020000548,0,0,0.020000548,0,0,0.019348356,0,0,0.020000548,0.020000548,0.020000548,0.019565753,0.020000548,0.020000548,0.020000548,0.019348356,0.020000548,0.020000548,0.020000548,0.019348356,0.020000548,0.020000548,0.020000548,0.019348356,0.020000548,0.020000548,0.020000548,0.019565753,0.020000548,0.020000548,0.020000548,0.019348356,1.020000548,0,0,0,0,0,0,0,0,0,0,0,0,0,0,0,0,0,0,0,0,0,0,0,0,0,0,0,0,0,0,0,0,0,0,0,0,0,0,0,0,0,0,0,0,0,0,0,0,0,0,0,0,0,0,0,0,0,0,0,0,0,0,0,0,0,0,0,0,0,0,0,0,0,0,0,0,0,0,0,0,0,0,0,0,0,0,0,0
0,0,0,0.02037863,0,0,0.02037863,0,0,0.01971411,0,0,0.02037863,0,0,0.02037863,0,0,0.02037863,0,0,0.01971411,0,0,0.02037863,0.02037863,0.02037863,0.019935616,0.02037863,0.02037863,0.02037863,0.01971411,0.02037863,0.02037863,0.02037863,0.01971411,0.02037863,0.02037863,0.02037863,0.01971411,0.02037863,0.02037863,0.02037863,0.019935616,0.02037863,0.02037863,0.02037863,0.01971411,0.02037863,0.02037863,0.02037863,0.01971411,1.02037863,0,0,0,0,0,0,0,0,0,0,0,0,0,0,0,0,0,0,0,0,0,0,0,0,0,0,0,0,0,0,0,0,0,0,0,0,0,0,0,0,0,0,0,0,0,0,0,0,0,0,0,0,0,0,0,0,0,0,0,0,0,0,0,0,0,0,0,0,0,0,0,0,0,0,0,0,0,0,0,0,0,0,0,0
0,0,0,0.020706301,0,0,0.020706301,0,0,0.020031096,0,0,0.020706301,0,0,0.020706301,0,0,0.020706301,0,0,0.020031096,0,0,0.020706301,0.020706301,0.020706301,0.020256164,0.020706301,0.020706301,0.020706301,0.020031096,0.020706301,0.020706301,0.020706301,0.020031096,0.020706301,0.020706301,0.020706301,0.020031096,0.020706301,0.020706301,0.020706301,0.020256164,0.020706301,0.020706301,0.020706301,0.020031096,0.020706301,0.020706301,0.020706301,0.020031096,0.020706301,0.020706301,0.020706301,0.020031096,1.020706301,0,0,0,0,0,0,0,0,0,0,0,0,0,0,0,0,0,0,0,0,0,0,0,0,0,0,0,0,0,0,0,0,0,0,0,0,0,0,0,0,0,0,0,0,0,0,0,0,0,0,0,0,0,0,0,0,0,0,0,0,0,0,0,0,0,0,0,0,0,0,0,0,0,0,0,0,0,0,0,0
0,0,0,0.021260822,0,0,0.021260822,0,0,0.020567534,0,0,0.021260822,0,0,0.021260822,0,0,0.021260822,0,0,0.020567534,0,0,0.021260822,0.021260822,0.021260822,0.02079863,0.021260822,0.021260822,0.021260822,0.020567534,0.021260822,0.021260822,0.021260822,0.020567534,0.021260822,0.021260822,0.021260822,0.020567534,0.021260822,0.021260822,0.021260822,0.02079863,0.021260822,0.021260822,0.021260822,0.020567534,0.021260822,0.021260822,0.021260822,0.020567534,0.021260822,0.021260822,0.021260822,0.020567534,0.021260822,0.021260822,0.021260822,0.02079863,0.021260822,0.021260822,0.021260822,0.020567534,1.021260822,0,0,0,0,0,0,0,0,0,0,0,0,0,0,0,0,0,0,0,0,0,0,0,0,0,0,0,0,0,0,0,0,0,0,0,0,0,0,0,0,0,0,0,0,0,0,0,0,0,0,0,0,0,0,0,0,0,0,0,0,0,0,0,0,0,0,0,0,0,0,0,0
0,0,0,0.021790137,0,0,0.021790137,0,0,0.021079589,0,0,0.021790137,0,0,0.021790137,0,0,0.021790137,0,0,0.021079589,0,0,0.021790137,0.021790137,0.021790137,0.021316438,0.021790137,0.021790137,0.021790137,0.021079589,0.021790137,0.021790137,0.021790137,0.021079589,0.021790137,0.021790137,0.021790137,0.021079589,0.021790137,0.021790137,0.021790137,0.021316438,0.021790137,0.021790137,0.021790137,0.021079589,0.021790137,0.021790137,0.021790137,0.021079589,0.021790137,0.021790137,0.021790137,0.021079589,0.021790137,0.021790137,0.021790137,0.021316438,0.021790137,0.021790137,0.021790137,0.021079589,0.021790137,0.021790137,0.021790137,0.021079589,0.021790137,0.021790137,0.021790137,0.021079589,0.021790137,0.021790137,0.021790137,0.021316438,1.021790137,0,0,0,0,0,0,0,0,0,0,0,0,0,0,0,0,0,0,0,0,0,0,0,0,0,0,0,0,0,0,0,0,0,0,0,0,0,0,0,0,0,0,0,0,0,0,0,0,0,0,0,0,0,0,0,0,0,0,0,0
0,0,0,0.021966575,0,0,0.021966575,0,0,0.021250274,0,0,0.021966575,0,0,0.021966575,0,0,0.021966575,0,0,0.021250274,0,0,0.021966575,0.021966575,0.021966575,0.021489041,0.021966575,0.021966575,0.021966575,0.021250274,0.021966575,0.021966575,0.021966575,0.021250274,0.021966575,0.021966575,0.021966575,0.021250274,0.021966575,0.021966575,0.021966575,0.021489041,0.021966575,0.021966575,0.021966575,0.021250274,0.021966575,0.021966575,0.021966575,0.021250274,0.021966575,0.021966575,0.021966575,0.021250274,0.021966575,0.021966575,0.021966575,0.021489041,0.021966575,0.021966575,0.021966575,0.021250274,0.021966575,0.021966575,0.021966575,0.021250274,0.021966575,0.021966575,0.021966575,0.021250274,0.021966575,0.021966575,0.021966575,0.021489041,0.021966575,0.021966575,0.021966575,0.021250274,0.021966575,0.021966575,0.021966575,0.021250274,0.021966575,0.021966575,0.021966575,0.021250274,0.021966575,0.021966575,0.021966575,0.021489041,0.021966575,0.021966575,0.021966575,0.021250274,1.021966575,0,0,0,0,0,0,0,0,0,0,0,0,0,0,0,0,0,0,0,0,0,0,0,0,0,0,0,0,0,0,0,0,0,0,0,0,0,0,0,0
0,0,0,0.02194137,0,0,0.02194137,0,0,0.02122589,0,0,0.02194137,0,0,0.02194137,0,0,0.02194137,0,0,0.02122589,0,0,0.02194137,0.02194137,0.02194137,0.021464384,0.02194137,0.02194137,0.02194137,0.02122589,0.02194137,0.02194137,0.02194137,0.02122589,0.02194137,0.02194137,0.02194137,0.02122589,0.02194137,0.02194137,0.02194137,0.021464384,0.02194137,0.02194137,0.02194137,0.02122589,0.02194137,0.02194137,0.02194137,0.02122589,0.02194137,0.02194137,0.02194137,0.02122589,0.02194137,0.02194137,0.02194137,0.021464384,0.02194137,0.02194137,0.02194137,0.02122589,0.02194137,0.02194137,0.02194137,0.02122589,0.02194137,0.02194137,0.02194137,0.02122589,0.02194137,0.02194137,0.02194137,0.021464384,0.02194137,0.02194137,0.02194137,0.02122589,0.02194137,0.02194137,0.02194137,0.02122589,0.02194137,0.02194137,0.02194137,0.02122589,0.02194137,0.02194137,0.02194137,0.021464384,0.02194137,0.02194137,0.02194137,0.02122589,0.02194137,0.02194137,0.02194137,0.02122589,0.02194137,0.02194137,0.02194137,0.02122589,0.02194137,0.02194137,0.02194137,0.021464384,0.02194137,0.02194137,0.02194137,0.02122589,0.02194137,0.02194137,0.02194137,0.02122589,1.02194137,0,0,0,0,0,0,0,0,0,0,0,0,0,0,0,0,0,0,0,0
0,0,0,0.021865753,0,0,0.021865753,0,0,0.02115274,0,0,0.021865753,0,0,0.021865753,0,0,0.021865753,0,0,0.02115274,0,0,0.021865753,0.021865753,0.021865753,0.021390411,0.021865753,0.021865753,0.021865753,0.02115274,0.021865753,0.021865753,0.021865753,0.02115274,0.021865753,0.021865753,0.021865753,0.02115274,0.021865753,0.021865753,0.021865753,0.021390411,0.021865753,0.021865753,0.021865753,0.02115274,0.021865753,0.021865753,0.021865753,0.02115274,0.021865753,0.021865753,0.021865753,0.02115274,0.021865753,0.021865753,0.021865753,0.021390411,0.021865753,0.021865753,0.021865753,0.02115274,0.021865753,0.021865753,0.021865753,0.02115274,0.021865753,0.021865753,0.021865753,0.02115274,0.021865753,0.021865753,0.021865753,0.021390411,0.021865753,0.021865753,0.021865753,0.02115274,0.021865753,0.021865753,0.021865753,0.02115274,0.021865753,0.021865753,0.021865753,0.02115274,0.021865753,0.021865753,0.021865753,0.021390411,0.021865753,0.021865753,0.021865753,0.02115274,0.021865753,0.021865753,0.021865753,0.02115274,0.021865753,0.021865753,0.021865753,0.02115274,0.021865753,0.021865753,0.021865753,0.021390411,0.021865753,0.021865753,0.021865753,0.02115274,0.021865753,0.021865753,0.021865753,0.02115274,0.021865753,0.021865753,0.021865753,0.02115274,0.021865753,0.021865753,0.021865753,0.021390411,0.021865753,0.021865753,0.021865753,0.02115274,0.021865753,0.021865753,0.021865753,0.02115274,0.021865753,0.021865753,0.021865753,0.02115274,1.021865753
